halt_id,halt_diva,halt_kurz,halt_lang,halt_ist_aktiv
143,2570,BirWSL,"Birmensdorf ZH, Sternen/WSL",True
309,3356,WalBir,"Waldegg, Birmensdorferstrasse",True
373,6232,FRAF07,"Zürich Flughafen, Fracht",True
539,2655,TBAH01,"Thalwil, Bahnhof",True
588,3027,FLUG07,"Zürich Flughafen, Bahnhof",True
623,2989,TZEN01,"Thalwil, Zentrum",True
701,1012,GOLP,"Zürich, Goldbrunnenplatz",True
729,687,UitDor,"Uitikon, Dorf",True
747,2748,BirUnt,"Birmensdorf ZH, Untere Risi",True
751,2758,UNTR07,"Glattbrugg, Unterriet",True
809,501,BirBah,"Birmensdorf ZH, Bahnhof",True
832,1401,KILB,"Kilchberg ZH, Kirche",True
833,3254,HALL,"Kilchberg ZH, Hallenbad",True
891,1991,WalPos,"Waldegg, Post",True
914,2412,FELD01,"Thalwil, Feldstrasse",True
1005,2333,THSH01,"Thalwil, Schützenhaus",True
1010,2160,SCHA,"Zürich, Schaufelbergerstrasse",True
1067,992,GLAG07,"Glattbrugg, Zentrum",True
1114,1627,MEHO07,"Dübendorf, Meiershofstrasse",True
1259,1391,BKIL,"Kilchberg ZH, Bahnhof",True
1270,2680,TRIE,"Zürich, Triemli",True
1300,1684,MUBA01,"Thalwil, Mühlebachplatz",True
1305,1472,KUNS,"Zürich, Kunsthaus",True
1306,478,BEZI,"Zürich, Bezirksgebäude",True
1308,736,ETHZ,"Zürich, ETH/Universitätsspital",True
1309,564,BUCH,"Zürich, Bucheggplatz",True
1310,821,FARB,"Zürich, Farbhof",True
1311,2572,SOER,"Zürich, Sternen Oerlikon",True
1312,657,BDIE,"Dietikon, Bahnhof",True
1362,1303,IEBN,"Zürich, Im Ebnet",True
1366,2983,WGLA,"Wallisellen, Glatt (Bus)",True
1370,2986,ZREG07,"Regensdorf, Zentrum",True
1372,1228,HOFF07,"Dübendorf, Hoffnung",True
1377,6506,BABH07,"Kloten Balsberg, Bahnhof",True
1378,6507,RBAU07,"Rümlang, Bäuler",True
1379,6508,GLIN07,"Glattpark, Lindberghplatz",True
1392,3241,WFLO07,"Wallisellen, Florastrasse",True
1393,2329,SURG,"Zürich, Schürgistrasse",True
1400,3247,GHOF07,"Glattbrugg, Glatthof",True
1405,2277,SHDO,"Kilchberg ZH,Schulhaus Dorfstr",True
1406,1278,HOEL,"Zürich, Hölderlinstrasse",True
1407,1457,KREK,"Kilchberg ZH, Kreuzstrasse",True
1417,1542,RLET07,"Rümlang, Letten",True
1418,3296,NEUS07,"Dübendorf, Neugut Süd",True
1437,632,VCHL07,"Volketswil, Volkiland Chliriet",True
1443,1552,LEUT,"Zürich, Leutschenbach",True
1445,3478,CITC07,"Dübendorf, City Center",True
1449,3560,SPHE07,"D'dorf, Sportanl Heerenschürli",True
1452,994,BGLA07,"Glattbrugg, Bahnhof",True
1454,1156,HEIZ,"Zürich, Heizenholz",True
1456,6346,DSON07,"Dübendorf, Sonnental",True
1475,2422,DBRE07,"Dübendorf, Breitibach",True
1499,1710,NEUB,"Zürich, Neubühl",True
1500,2547,BLEI,"Zürich, Bahnhof Leimbach",True
1501,2294,SCHW,"Zürich, Schwamendingerplatz",True
1502,2556,STAU,"Zürich, Stauffacher",True
1503,1389,KIEN,"Zürich, Kienastenwies",True
1504,1643,MIBU,"Zürich, Milchbuck",True
1509,1577,LISP,"Kilchberg ZH, Lindt & Sprüngli",True
1510,6594,AHOR,"Adliswil, Ahornweg",True
1511,1660,MORG,"Zürich, Morgental",True
1517,2751,USNO,"Unterengstringen, Sennenbüel N",True
1518,2580,STOG,"Kilchberg ZH, Stockengut",True
1520,831,FEGG,"Urdorf, Feldegg",True
1521,589,BAEC,"Kilchberg ZH, Bächlerstrasse",True
1522,2767,BWEI,"Urdorf Weihermatt, Bahnhof",True
1523,1595,LAEG,"Zürich, Lägernstrasse",True
1524,3775,BEND,"Kilchberg ZH, Bendlikon",True
1525,2017,RADI,"Zürich, Radiostudio",True
1526,1018,GOBI,"Kilchberg ZH, Gottlieb-Binder",True
1528,1861,PARA,"Zürich, Paradeplatz",True
1530,3796,MYTH,"Kilchberg ZH, Mythenstrasse",True
1531,2124,ROEM,"Zürich, Römerhof",True
1532,1215,HIRS,"Zürich, Hirschwiesenstrasse",True
1533,2304,KSCH,"Kilchberg ZH, Schwelle",True
1534,6238,WERE,"Zürich, Werd",True
1535,48,ALBP,"Zürich, Albisriederplatz",True
1536,1227,HOFA01,"Adliswil, Hofackerstrasse",True
1537,2237,SZEN,"Schlieren, Zentrum",True
1538,2239,SLIM,"Kilchberg ZH, Schlimbergstr.",True
1539,2158,SPLA,"Zürich, Schaffhauserplatz",True
1540,6347,SCHB,"Schlieren, Bahnhof",True
1541,412,BPLA,"Zürich, Bahnhofplatz/HB",True
1542,413,BQUA,"Zürich, Bahnhofquai/HB",True
1543,1334,IRCH,"Zürich, Universität Irchel",True
1549,2087,RIFE01,"Adliswil, Rifertstrasse",True
1552,6447,LRAI,"Rüschlikon, Loorain",True
1553,6448,EGGR,"Rüschlikon, Eggrain",True
1557,3042,BWIE,"Zürich, Bahnhof Wiedikon",True
1565,440,BELL,"Zürich, Bellevue",True
1571,872,FRAN,"Zürich, Frankental",True
1574,799,EWYS,"Zürich, Escher-Wyss-Platz",True
1580,88,ALTR,"Zürich, Altried",True
1581,1176,HRTI07,"Wallisellen, Herti",True
1596,2346,SEEB,"Zürich, Seebach",True
1598,1259,HUNG,"Zürich, Hungerbergstrasse",True
1616,514,BACK01,"Adliswil, Bodenacker",True
1631,4108,SEHA01,"Thalwil, Seehaldenstrasse",True
1638,28,BADL01,"Adliswil, Bahnhof",True
1677,128,AUSS,"Zürich, Ausserdorfstrasse",True
1679,2307,BSCH,"Schwerzenbach ZH, Bahnhof",True
1686,641,CRUZ07,"Regensdorf, Chrüzächer",True
1687,2820,BWAL07,"Wallisellen, Bahnhof",True
1692,3740,VHOF07,"Volketswil, Hofwisen",True
1694,909,FROH07,"Glattbrugg, Frohbühlstrasse",True
1697,1651,MODE07,"Glattbrugg, Mode Center TMC",True
1706,1572,DLIN07,"Dübendorf, Lindenplatz",True
1721,2280,SHKO01,"Adliswil, Schulhaus Kopfholz",True
1723,2024,RAIW,"Urdorf, Rainweg",True
1724,1868,PEST,"Dietikon, Pestalozzi",True
1729,3378,PTHA01,"Thalwil, Post",True
1736,6485,GARG01,Garage Adliswil,True
1741,1648,MITL,"Zürich, Mittelleimbach",True
1743,6492,RPAR,"Rüschlikon, Park im Grüene",True
1748,1657,MOOS,"Rüschlikon, Moosstrasse",True
1755,830,FBLU01,"Adliswil, Feldblumenstrasse",True
1764,2006,POST01,"Adliswil, Poststrasse",True
1773,2682,TRIS,"Zürich, Triemlispital",True
1784,6682,RHOE07,"Rümlang, Hörnlistrasse",True
1790,1925,PGLA07,"Glattbrugg, Post",True
1797,497,BIGL,"Zürich, Birch-/Glatttalstrasse",True
1809,1763,ORUE07,"Rümlang, Oberdorf",True
1816,972,GESS,"Zürich, Gessnerallee",True
1829,3034,BOER,"Zürich, Bahnhof Oerlikon",True
1843,3122,RIEH,"Zürich, Riedhofstrasse",True
1845,2968,ZEHN,"Zürich, Zehntenhausplatz",True
1846,114,AUBR,"Zürich, Aubrücke",True
1850,1799,RGEM07,"Rümlang, Gemeindehaus",True
1851,6463,SIHC,"Zürich, Sihlcity",True
1852,199,BEDE,"Zürich, Bahnhof Enge/Bederstr.",True
1854,2550,SAAL,"Zürich, Saalsporthalle",True
1858,6700,EngePau,"Zürich, Bhf Enge Pausenplatz",True
1869,1462,KROA01,"Adliswil, Krone",True
1873,845,FELS,"Zürich, Felsenrainstrasse",True
1874,3021,BAFF,"Zürich, Bahnhof Affoltern",True
1879,3146,BDUN07,"Dübendorf, Bahnhof Nord",True
1884,3154,MEHA,"Zürich, Messe/Hallenstadion",True
1885,6255,BOEN,"Zürich, Bahnhof Oerlikon Nord",True
1890,411,NEUQ,"Zürich, Neumühlequai",True
1893,3026,ENGE,"Zürich, Bahnhof Enge",True
1895,416,BSTR,"Zürich, Bahnhofstrasse/HB",True
1904,2264,SOKI,"Kilchberg ZH, Schoorenstrasse",True
1905,1430,KLUS,"Zürich, Klusplatz",True
1906,1357,KALK,"Zürich,Kalkbreite/Bhf.Wiedikon",True
1907,1612,MANG,"Zürich, Manegg",True
1908,1187,HEUR,"Zürich, Heuried",True
1909,1440,KSPI,"Kilchberg ZH, Spital",True
1911,75,ALZE,"Kilchberg ZH, Alterszentrum",True
1916,3446,ETTE,"Zürich, Ettenfeld",True
1919,3447,BOEO,"Zürich, Bahnhof Oerlikon Ost",True
1920,439,BELA07,"Wallisellen, Belair",True
1928,6460,ZFER,"Zürich, Fernsehstudio",True
1931,6461,GGLA07,Glattpark,True
1934,1275,SEPL,"Zürich, Seebacherplatz",True
1938,619,CENT,"Zürich, Central",True
1949,2286,SCHU07,"Opfikon, Schulstrasse",True
1959,3344,DSTA,"Dietikon, Stadthaus",True
1965,2015,ADZOPF01,"Adliswil, Zopf",True
2007,1694,NASS,"Schlieren, Nassacker",True
2008,863,FLUP07,"Dübendorf, Flugplatz",True
2009,2789,VORB,"Bergdietikon, Vorbühl",True
2010,1028,GRIN,"Geroldswil, Grindlen",True
2011,6044,GAAZ,"Zollikon, Garage G.-Maurer-Str",True
2013,6300,SBRE,"Spreitenbach, Breiti",True
2014,6301,SUMW,"Spreitenbach, Umwelt Arena",True
2015,6303,SINT,"Spreitenbach, Interio",True
2016,29,AEGU,"Unterengstringen, Aegelsee",True
2018,3798,VORS,"Dietikon, Vorstadt",True
2019,2798,WAGO,"Schlieren, Wagonsfabrik",True
2020,1964,OZEN,"Oetwil an der Limmat, Zentrum",True
2021,1039,DRAP,"Dietikon, Rapidplatz",True
2022,2128,ROES,"Zürich, Röslistrasse",True
2023,6055,DEP2,"Zürich, Depot 2 Wollishofen",True
2025,3044,BWST,"Zch, Bhf.Wollishofen/Staubstr.",True
2027,2975,ZELG07,"Dübendorf, Zelglistrasse",True
2028,125,AUSW,"Weiningen ZH, Ausserdorf",True
2029,2303,SWAK,"Geroldswil, Schweizäcker",True
2030,6234,SCHN,"Schlieren, Bahnhof Nord",True
2033,2051,REIT,"Schlieren, Reitmen",True
2034,2982,ZENT,"Geroldswil, Zentrum",True
2035,2054,RENN,"Zürich, Rennweg",True
2036,2984,OBEE,"Oberengstringen, Zentrum",True
2038,2313,SBAC,"Dietikon, Schäflibach",True
2039,1226,HACK,"Dietikon, Hofacker",True
2040,1054,GRUZ07,"Dübendorf, Grüzenstrasse",True
2042,2406,SOME,"Dietikon, Sommerau",True
2043,2236,SCHL,"Schlieren, Zentrum/Bahnhof",True
2044,2238,SCHS,"Urdorf, Schlierenstrasse",True
2045,1061,GUGG,"Zürich, Guggachstrasse",True
2046,2326,SCHO,"Zürich, Schörlistrasse",True
2047,2411,SONN,"Zürich, Sonneggstrasse",True
2048,990,GJUC,"Dietikon, Gjuchstrasse",True
2050,1151,HEIM,"Schlieren, Heimeliweg",True
2052,998,GLAT,"Zürich, Glattwiesen",True
2053,1414,KWIL07,"Dübendorf, Kirche Wil",True
2054,1417,KIPL,"Dietikon, Kirchplatz",True
2055,6261,STHA,"Dietikon, Stadthalle Ost",True
2056,6262,DSIL,"Dietikon, Silbern",True
2057,414,BSTD,"Dietikon, Bahnhofstrasse",True
2059,502,BIRM,"Dietikon, Birmensdorferstrasse",True
2060,2256,SWIE,"Zürich, Schmiede Wiedikon",True
2061,2085,RIEW,"Bergdietikon, Rietwies",True
2063,425,DBAL,"Bergdietikon, Baltenschwil",True
2068,1004,BALD01,"Adliswil, Baldernstrasse",True
2078,6659,WNEU07,"Wallisellen, Neugut",True
2079,6660,DARI07,"Dübendorf, Am Ring",True
2080,6774,DHON07,"Dübendorf, Hochbord Nord",True
2081,6032,DEP7,"Zürich, Depot 7 Irchel",True
2082,3785,RINW07,"Dübendorf, Ringwiesen",True
2083,132,ZAUZ,"Zürich, Auzelg",True
2084,1453,KREU,"Zürich, Kreuzplatz",True
2085,1522,LAUI,"Zürich, Laubiweg",True
2086,435,BECK,"Zürich, Beckenhof",True
2087,1468,KRON,"Zürich, Kronenstrasse",True
2088,2474,STAM,"Zürich, Stampfenbachplatz",True
2089,2045,REGB,"Zürich, Regensbergbrücke",True
2090,144,BADA,"Zürich, Bad Allenmoos",True
2092,2549,REHA,"Zürich, Rehalp",True
2094,2807,WABG,"Waldburg, Station",True
2096,2826,WALT,"Zumikon, Waltikon",True
2099,3756,SZOL,"Zollikerberg, Spital",True
2103,3002,ZOBE,"Zollikerberg, Station",True
2104,1845,OPER,"Zürich, Opernhaus",True
2109,8809,FCH,Forch,True
2110,2879,WETL,"Zürich, Wetlistrasse",True
2111,3039,BSTA,"Zürich, Bahnhof Stadelhofen",True
2113,1144,HEGI,"Zürich, Hegibachplatz",True
2114,6254,LAEN,"Zollikerb., Langägerten/Spital",True
2120,2166,SCHE,"Scheuren, Station",True
2121,421,BALG,"Zürich, Balgrist",True
2137,2612,SUNN,"Zürich, Sunnau",True
2139,649,DANG,"Zürich, Dangelstrasse",True
2141,2660,TIAK01,"Adliswil, Tiefacker",True
2142,6592,ADMO,"Adliswil, Moos",True
2143,6593,EWEG,"Adliswil, Eichenweg",True
2144,6034,GAR6,"Zürich, Garage 6 Hardau",True
2145,2950,WOLP,"Zürich, Wollishoferplatz",True
2146,2889,WIDM,"Zürich, Widmerstrasse",True
2158,148,ABAD01,"Adliswil, Badstrasse",True
2160,6437,GRUT,"Adliswil, Grüt",True
2183,2771,SIHN,"Zürich, Sihlcity Nord",True
2187,6735,WGLA07,"Wallisellen, Glatt (Tram)",True
2198,944,GEER,"Zürich, Geeringstrasse",True
2228,601,KANB,"Zürich, Kantonalbank",True
2244,1364,KAPP,"Zürich, Kappeli",True
2245,1548,LETG,"Zürich, Letzigrund",True
2247,1386,KERN,"Zürich, Kernstrasse",True
2248,1579,LOCH,"Zürich, Lochergut",True
2250,3019,ZYPR,"Zürich, Zypressenstrasse",True
2251,6030,DEP4,"Zürich, Depot 4 Elisabethenstr",True
2253,883,FREI,"Zürich, Freihofstrasse",True
2254,6425,DEP1,"Zürich, Depot1 Zentralwerkst",True
2256,1608,LOEW,"Zürich, Löwenplatz",True
2257,6459,ZOER,"Zürich, Oerlikerhus",True
2258,1098,HALB,"Zürich, Haldenbach",True
2260,2367,RIGI,"Zürich, Seilbahn Rigiblick",True
2262,1366,SIHP,"Zürich, Sihlpost / HB",True
2274,1550,LETZ,"Zürich, Letzistrasse",True
2275,2388,SIGN,"Zürich, Signaustrasse",True
2276,465,BERN,"Zürich, Berninaplatz",True
2287,1557,LIMM,"Zürich, Limmatplatz",True
2289,2395,SIHL,"Zürich, Sihlquai/HB",True
2290,648,LOEB,"Zürich, Löwenbräu",True
2292,1399,KINK,"Zürich, Kinkelstrasse",True
2293,2924,WINK,"Zürich, Winkelriedstrasse",True
2294,1667,MUFG,"Zürich, Museum für Gestaltung",True
2295,580,BURG,"Zürich, Burgwies",True
2298,2014,QUEL,"Zürich, Quellenstrasse",True
2299,6031,DEP5,"Zürich, Depot 5 Hard",True
2300,6033,DEP8,"Zürich, Depot 8 Oerlikon",True
2301,6035,GAR9,"Zürich, Garage 9 Hagenholz",True
2302,1100,HEGG,"Zürich, Haldenegg",True
2308,1138,HEDW,"Zürich, Hedwigsteig",True
2312,894,ENZE,"Zürich, Friedhof Enzenbühl",True
2313,2151,SALE,"Zürich, Salersteig",True
2315,1507,LANM,"Zürich, Langmauerstrasse",True
2316,2575,BSTE,"Zürich, Bahnhof Stettbach",True
2320,705,DOZE,"Zumikon, Dorfzentrum",True
2324,1516,LANZ,"Oberengstringen, Lanzrain",True
2326,81,ALTZ07,"Dübendorf, Alterszentrum",True
2327,3520,BRUL,"Spreitenbach, Brüel",True
2328,2436,SPLI,"Schlieren, Spital Limmattal",True
2329,6364,STIE07,"Wangen, Stierwisen",True
2332,1178,URDN,"Urdorf, Urdorf-Nord",True
2333,2268,SWEI,"Weiningen ZH, Schulhaus",True
2334,3183,AEGW,"Weiningen ZH, Aegelsee",True
2336,1265,HATS,"Dietikon, Hätschen",True
2337,1266,WHAE07,"Wangen, Hätzelwisen",True
2338,1091,HAGA,"Dietikon, Hagackerstrasse",True
2339,1094,OHAL,"Oetwil an der Limmat, Halde",True
2341,2440,SPIT,"Urdorf, Spitzacker",True
2346,1616,MARW,"Dietikon, Marmori-Weiher",True
2348,6808,OSCH07,"Opfikon, Schwimmbad",True
2350,6462,IKEA,"Spreitenbach, IKEA",True
2351,6297,HEIN,"Urdorf, Heinrich-Stutz-Strasse",True
2352,6724,ULAN,"Unterengstringen, Langwisen",True
2354,701,DOGE,"Geroldswil, Dorfstrasse",True
2356,1620,MATT,"Zürich, Mattenhof",True
2358,1451,DKRE07,"Dübendorf, Kreuzbühl",True
2360,3460,ASPS,"Spreitenbach, Asp",True
2361,1540,LERZ,"Dietikon, Lerzen",True
2362,2631,TAWI,"Schlieren, Talacker-Windegg",True
2363,457,BERL,"Bergdietikon, Bergli",True
2366,3727,GLAN,"Glanzenberg, Bahnhof",True
2367,547,BRUN,"Zürich, Brunaustrasse",True
2368,548,BRUS,"Fahrweid, Brunaustrasse",True
2369,3472,SWER,"Dietikon, Schönenwerd",True
2370,2384,SCEN,"Spreitenbach, Shopping Center",True
2373,1725,NEUT,"Urdorf, Neumatt",True
2374,1726,NMAT,"Urdorf, Neumattstrasse",True
2375,2814,WALD,"Zürich, Waldgarten",True
2376,466,BOLD,"Bergdietikon, Bernold",True
2377,6744,RIST,"Birmensdorf ZH, Ristet",True
2378,1556,LIMB,"Fahrweid, Limmatbrücke",True
2379,2471,STAF,"Dietikon, Staffelackerstrasse",True
2380,550,BRUG,"Schlieren, Brunngasse",True
2381,725,DOER,"Dietikon, Dörfli",True
2382,1388,SKES,"Schlieren, Kesslerplatz",True
2383,1640,MICA,"Zürich, Micafil",True
2385,729,DUEN,"Bergdietikon, Dünni",True
2386,2732,UITI,"Urdorf, Uitikonerstrasse",True
2387,3822,BKIS,"Killwangen, Bahnhof",True
2388,6663,SPAL,"Spreitenbach, Altersheim",True
2389,815,FAAU,"Fahrweid, Au",True
2391,1731,NURD,"Urdorf, Niederurdorf",True
2392,2569,STEA,"Dietikon, Stelzenacker",True
2394,2399,DMOO,"Dietikon, Moosmatt",True
2396,1397,KIND,Kindhausen AG,True
2397,6586,SSHT,"Spreitenbach, Shoppi Tivoli",True
2398,3748,STAK,"Schlieren, Steinacker",True
2399,2743,UDUB07,"Dübendorf, Unterdorf",True
2400,1911,PDUB07,"Dübendorf, Post",True
2401,1571,WLIN,"Weiningen ZH, Lindenplatz",True
2404,488,BILO,"Zürich, Billoweg",True
2406,2666,TIER,"Zürich, Tierspital",True
2410,743,ECKS,"Unterengstringen, Eckstein",True
2411,748,EGGB,"Oberengstringen, Eggbühl",True
2412,3589,OBUR,"Urdorf, Oberurdorf",True
2413,1666,MUSR,"Zürich, Museum Rietberg",True
2414,2582,STOC,"Zürich, Stockerstrasse",True
2422,1179,HERZ,"Zürich, Herzogenmühlestrasse",True
2423,6626,BLUM,"Zürich, Blumenfeldstrasse",True
2424,6627,ASPH,"Zürich, Aspholz",True
2425,6628,MUEH,"Zürich, Mühlacker",True
2426,3444,GLOK,"Zürich, Glockenacker",True
2427,1527,LEEA,"Ebmatingen, Leeacherstrasse",True
2428,617,ZENW,"Zürich, Zentrum Witikon",True
2429,1705,NEUA,"Zürich, Neuaffoltern",True
2430,445,BEBO,"Benglen, Bodenacher",True
2431,446,BGER,"Benglen, Gerlisbrunnen",True
2432,2622,SAGG,"Pfaffhausen, Sängglen",True
2434,1362,KAPF,"Zürich, Kapfstrasse",True
2435,708,DREI,"Zürich, Dreispitz",True
2436,3467,FMAT,"Binz bei Maur, Fridlimatt",True
2437,455,BERH,"Zürich, Berghaldenstrasse",True
2438,713,DRUS,"Zürich, Drusbergstrasse",True
2439,2737,UAFF,"Zürich, Unteraffoltern",True
2440,901,FRDR,"Zürich, Friedrichstrasse",True
2441,908,FROB,"Zürich, Frohburg",True
2442,1821,OBEW,"Zürich, Oberwiesenstrasse",True
2443,738,EBDO,"Ebmatingen, Dorf",True
2444,2836,WASE,"Zürich, Waserstrasse",True
2445,914,FRON,"Zürich, Fronwald",True
2446,6591,GAAN,"Effretikon, Garage Andres",True
2447,833,FELH,"Pfaffhausen, Feldhof",True
2448,490,BGAS,"Binz bei Maur, Gassacher",True
2449,1583,MLOR,"Ebmatingen, Looren",True
2450,1584,LOOR,"Zürich, Loorenstrasse",True
2451,3760,HALO,"Zürich, Hallenbad Oerlikon",True
2452,750,EGGL,"Fällanden, Eggler",True
2453,3764,MAXB,"Zürich, Max-Bill-Platz",True
2454,1000,GLAU,"Zürich, Glaubtenstrasse",True
2455,678,MDOR,"Maur, Dorf",True
2456,2688,TULP,"Zürich, Tulpenstrasse",True
2457,767,EINF,"Zürich, Einfangstrasse",True
2458,684,DORS,"Schwerzenbach ZH, Dorf",True
2459,947,FAEL,"Fällanden, Gemeindehaus",True
2460,694,DORF,"Zürich, Dorflinde",True
2461,1871,PFAF,"Pfaffhausen, Pfaffenstein",True
2462,1873,PMUE,"Pfaffhausen, Müseren",True
2463,888,FRIA,"Zürich, Friedackerstrasse",True
2464,1892,MPLA,"Maur, Platten",True
2465,2145,SAAT,"Zürich, Saatlenstrasse",True
2466,899,FWIT,"Zürich, Friedhof Witikon",True
2467,1403,MKIR,"Maur, Kirche",True
2468,2069,RIEG,"Zürich, Riedgraben",True
2469,6511,BAFS,"Zürich, Bahnhof Affoltern Süd",True
2470,1324,FAEI,"Fällanden, Industrie",True
2471,2335,SHUA,"Fällanden, Schützenhaus",True
2472,1160,HERB,"Zürich, Herbstweg",True
2473,2251,SYFI,"Zürich, Schlyfi",True
2474,2342,MSEE,"Maur, See",True
2475,1498,LANA,"Unterengstringen, Langacher",True
2476,838,FSTR,"Schlieren, Feldstrasse",True
2478,1758,ODIE,"Dietikon, Oberdorf",True
2480,1759,OBDO,"Oetwil an der Limmat, Oberdorf",True
2481,1586,UKAN,"Urdorf, Kantiallee",True
2482,1587,LUCH,"Zürich, Luchswiesen",True
2483,3590,SONU,"Urdorf, Sonne",True
2484,753,DINN07,"Dübendorf, Innovationspark",True
2485,1843,OETW,"Dietikon, Oetwilerstrasse",True
2486,757,EIHH,"Kindhausen AG, Eichholz",True
2487,2005,PWOL,"Zürich, Post Wollishofen",True
2488,586,BUTZ,"Zürich, Butzenstrasse",True
2489,2008,PROB,"Zürich, Probstei",True
2490,6693,DGYR,"Dietikon, Gyrhalden",True
2491,6694,WEST,"Dietikon, Weidstrasse",True
2492,6695,DLAE,"Dietikon, Lätten",True
2496,6698,DWEI,"Dietikon, Weinberg",True
2497,2850,WELI07,"Wangen, Weidli",True
2498,6780,KOBE,"Kilchberg ZH, Obere Hornhalde",True
2499,6781,KEMI,"Kilchberg ZH, Emilienheim",True
2500,6782,KBRE,"Kilchberg ZH, Breitloo",True
2505,935,GASO,"Schlieren, Gasometerbrücke",True
2506,3774,BWOW,"Zürich, Bhf. Wollishofen/Werft",True
2508,2689,TUNN,"Zürich, Tunnelstrasse",True
2509,1856,OTTI,"Zürich, Ottikerstrasse",True
2510,2107,ROSW,"Zürich, Roswiesen",True
2511,2109,ROTE,"Zürich, Rote Fabrik",True
2514,6038,GALI,"Dietikon, Garage Limmatbus AG",True
2516,2869,WELB,"Geroldswil, Welbrig",True
2518,1862,PAEN,"Oberengstringen, Paradies",True
2520,1690,MULL,"Schlieren, Mülligen",True
2524,2551,BSEL,"Zürich, Bahnhof Selnau",True
2525,1723,FNEU,"Fällanden, Neuhus",True
2526,1122,HARP,"Zürich, Hardplatz",True
2527,1234,BANL,"Zürich, Bäckeranlage",True
2528,1158,HELV,"Zürich, Helvetiaplatz",True
2529,1076,GUET,"Zürich, Güterbahnhof",True
2530,92,AMSU,"Zürich, Am Suteracher",True
2531,2276,BUCL,"Zürich, Schulhaus Buchlern",True
2532,716,DUNK,"Zürich, Dunkelhölzli",True
2533,542,BRIS,"Zürich, Bristenstrasse",True
2534,6003,SOLP,"Zürich, Solidapark",True
2535,1570,LIND,"Zürich, Lindenplatz",True
2536,5001,BALN,"Zürich, Bahnhof Altstetten N",True
2537,1581,LOOG,"Zürich, Loogarten",True
2538,592,BAEN,"Zürich, Bändliweg",True
2539,852,FEUS,"Zürich, Feusisbergli",True
2540,3022,BALT,"Zürich, Bahnhof Altstetten",True
2541,1698,NEES,"Zürich, Neeserweg",True
2542,2033,RAUH,"Zürich, Rautihalde",True
2543,2034,RAUT,"Zürich, Rautistrasse",True
2544,1041,GRUN,"Zürich, Grünaustrasse",True
2545,893,FEIC,"Zürich, Friedhof Eichbühl",True
2546,2152,SALZ,"Zürich, Salzweg",True
2547,427,BASL,"Zürich, Baslerstrasse",True
2548,1341,ITDO,"Itschnach, Dorf",True
2549,1342,ITFA,"Itschnach, Fallacher",True
2550,1519,LAUB,"Zürich, Laubegg",True
2551,3522,SUKK,"Zürich, Sukkulentensammlung",True
2552,2262,SORU,"Kilchberg ZH, Schooren",True
2553,1175,HERT,"Zürich, Hertensteinstrasse",True
2554,515,BODE,"Rüschlikon, Bodengasse",True
2556,516,BOGL,"Küsnacht ZH, Boglerenstrasse",True
2558,3186,RUEB,"Rüschlikon, Bahnhof",True
2559,3187,RSAU,"Rüschlikon, Säumerstrasse",True
2561,3445,BIBE,"Zürich, Bircher-Benner",True
2562,3449,BIRC,"Zürich, Birchstrasse",True
2563,1528,LEHE,"Zürich, Lehenstrasse",True
2564,3705,ALBD,"Zürich, Albisriederdörfli",True
2565,1354,JUGI,"Zürich, Jugendherberge",True
2566,3706,AHOS,"Zürich, Althoos",True
2567,2618,SUSE,"Zürich, Susenbergstrasse",True
2568,1356,KALB,"Zürich, Kalchbühlweg",True
2569,1182,HESL,"Küsnacht ZH, Hesligenstrasse",True
2570,1358,KANO,"Zürich, Kanonengasse",True
2571,1359,KANT,"Zürich, Kantonsschule",True
2572,2447,HARD,"Zürich, Hardturm",True
2573,1611,MAIE,"Zürich, Maienweg",True
2575,2449,SPOW,"Zürich, Sportweg",True
2576,1614,MANS,"Zürich, Manesseplatz",True
2577,1189,HIST,"Küsnacht ZH, Himmelistrasse",True
2578,1615,MARB,"Zürich, Marbachweg",True
2579,1441,PKAE,"Zürich, Pflegezentr. Käferberg",True
2580,2707,TUEF,"Zürich, Tüffenwies",True
2581,1445,KNOR,"Zürich, Krematorium Nordheim",True
2582,1446,AKRE,"Zürich, Altes Krematorium",True
2583,610,BUEH,"Küsnacht ZH, Bühlstrasse",True
2584,3450,CHAL,"Zürich, Chaletweg",True
2585,2363,SEES,"Zollikon, Seestrasse",True
2586,3451,MOTT,"Zürich, Mötteliweg",True
2587,2364,SEGA,"Zürich, Segantinistrasse",True
2588,1277,HSTR,"Zollikon, Höhestrasse",True
2589,3453,TECH,"Zürich, Technopark",True
2590,615,BURK,"Zürich, Bürkliplatz",True
2591,2366,SEID,"Zürich, Seidelhof",True
2592,443,BELV,"Rüschlikon, Belvoir",True
2593,3457,LERA,"Zürich, Lerchenrain",True
2594,1532,LEIM,"Zürich, Leimgrübelstrasse",True
2595,3458,PSCH,"Zürich, Schauenberg",True
2596,6298,SGOL,"Schlieren, Goldschlägistrasse",True
2597,6299,SAMR,"Schlieren, Am Rietpark",True
2598,2450,SPRE,"Zürich, Sprecherstrasse",True
2599,3714,BINC,"Zürich, Binz Center",True
2600,2451,SPYR,"Zürich, Spyriplatz",True
2601,3715,BOST,"Zürich, Bocklerstrasse",True
2603,1539,LERC,"Zürich, Lerchenhalde",True
2604,3717,CHIN,"Zürich, Chinagarten",True
2605,530,BRAN,"Zürich, Brandschenkestrasse",True
2606,1194,HINT,"Zürich, Hinterbergstrasse",True
2607,1626,MEIE,"Zürich, Meierhofplatz",True
2608,2289,SWEG,"Zürich, Schumacherweg",True
2609,3804,NBRU,"Zürich, Neunbrunnen",True
2610,1280,HOEB,"Zürich, Hönggerberg",True
2612,1456,KRES,"Zürich, Kreuzstrasse",True
2613,6648,WURZ,"Zürich, Würzgraben",True
2614,2800,WAIF,"Zürich, Waidfussweg",True
2615,1286,HOES,"Zürich, Höschgasse",True
2616,2375,SENN,"Zollikerberg, Sennhof",True
2617,2801,WAIH,"Zürich, Waidhof",True
2618,1288,HUEG,"Zürich, Hügelstrasse",True
2619,2803,WAIS,"Zürich, Waidspital",True
2620,3466,FRST,"Zürich, Freiestrasse",True
2621,3469,HOFS,"Zürich, Hofstrasse",True
2622,1547,LETT,"Zürich, Lettenstrasse",True
2623,459,BDOL,"Zürich, Bergstation Dolderbahn",True
2624,711,DREW,"Zürich, Dreiwiesen",True
2625,2461,STAD,"Zürich, Stadtgrenze",True
2626,1549,LPAW,"Zürich, Letzipark West",True
2627,2638,TALW,"Zürich, Talwiesenstrasse",True
2628,715,DUFP,"Zollikon, Dufourplatz",True
2629,1379,KEMP,"Zürich, Kempfhofsteig",True
2630,718,TONA,"Zürich, Toni-Areal",True
2631,544,FBRU,"Fällanden, Bruggacher",True
2632,546,BRUM,"Zürich, Brunau/Mutschellenstr.",True
2633,2722,UETL,"Zürich, Uetlihof",True
2634,2298,SHOL,"Zürich, Schwandenholz",True
2635,800,EGUT,"Zürich, Eschergutweg",True
2636,1292,HUER,"Zürich, Hürstholz",True
2637,3470,HSTG,"Zürich, Hölderlinsteig",True
2638,3645,BOGA,"Zürich, Botanischer Garten",True
2639,3648,KLOB,"Zürich, Klosbach",True
2640,2385,SIEM,"Zürich, Siemens",True
2641,1724,NEUM,"Zürich, Neumarkt",True
2642,462,BEST,"Küsnacht ZH, Bergstrasse",True
2643,3477,SRUC,"Zürich, Schweizer Rück",True
2645,467,BERO,"Zürich, Bernoulli-Häuser",True
2646,468,BERT,"Zürich, Bertastrasse",True
2647,1641,MICH,"Zürich, Michelstrasse",True
2648,3566,SHOE,"Zürich, Schützenhaus Höngg",True
2649,1818,OBWA,"Küsnacht ZH, Oberwacht",True
2650,1644,MILA,"Zürich, Militär-/Langstrasse",True
2651,2907,WILD,"Zürich, Wildbachstrasse",True
2653,3826,HASE,"Zollikerberg, Hasenbart",True
2654,1478,KAMM07,"Dübendorf, Kämmaten",True
2655,470,BESE,"Zürich, Besenrainstrasse",True
2656,471,BETH,"Zürich, Bethanien",True
2657,2396,SIHS,"Zürich, Sihlstrasse",True
2658,2398,SIHW,"Zürich, Sihlweidstrasse",True
2659,476,BEUG,"Zollikon, Beugi",True
2660,902,FRIB,"Zürich, Friesenberg",True
2662,904,FRIE,"Zürich, Friesenbergstrasse",True
2663,3744,ZENK,"Küsnacht ZH, Zentrum",True
2664,3747,TRIC,"Zollikerberg, Trichtenhauserm.",True
2665,2659,THUJ,"Zürich, Thujastrasse",True
2666,735,ETHH,"Zürich, ETH Hönggerberg",True
2667,1483,KAES,"Zürich, Käshaldenstrasse",True
2669,824,FBST,"Zollikon, Felbenstrasse",True
2670,1488,BKUE,"Küsnacht ZH, Bahnhof",True
2671,2831,WART,"Zürich, Wartau",True
2672,1744,NORH,"Zürich, Nordheimstrasse",True
2673,1745,NORS,"Zürich, Nordstrasse",True
2674,2834,SEER,"Zürich, Seerose",True
2675,6009,RREB,"Rüschlikon, Rebsteig",True
2676,2838,DWAS07,"Dübendorf, Wasserfurren",True
2677,489,GRUB,"Zürich, Grubenstrasse",True
2678,916,FRYM,"Zürich, Frymannstrasse",True
2680,917,FROE,"Zürich, Fröhlichstrasse",True
2681,6599,ZOLL,"Aesch bei Maur, Zollingerheim",True
2682,573,BUHN,"Zürich, Buhnstrasse",True
2683,3587,BERU,"Zürich, Berufswahlschule",True
2684,3588,VULK,"Zürich, Vulkanstrasse",True
2687,2754,UNTM,"Zürich, Untermoosstrasse",True
2689,832,FELD,"Zürich, Feldeggstrasse",True
2693,1753,NUER,"Zürich, Nürenbergstrasse",True
2694,3001,ORIO,"Zürich, Orionstrasse",True
2695,6015,WINS,"Zürich, Winzerstrasse Süd",True
2696,3003,BZOL,"Zollikon, Bahnhof",True
2698,2671,TOBE,"Zürich, Tobelhof",True
2699,3005,ZOO,"Zürich, Zoo",True
2700,6019,WAFB,"Zürich, Waffenplatz-/Bederstr.",True
2701,2673,TOBL,"Zürich, Toblerplatz",True
2702,498,BIRD,"Zürich, Birchdörfli",True
2704,3765,STOD,"Zürich, Stodolastrasse",True
2705,927,FOER,"Zürich, Förrlibuckstrasse",True
2706,3767,SEGE,"Zürich, Segeten",True
2707,3768,STBU,"Zürich, Staudenbühl",True
2708,3769,TFUS,"Zürich, Trichtenhausenfussweg",True
2709,3594,EPIK,"Zürich, EPI-Klinik",True
2710,2934,WINH,"Zürich, Winzerhalde",True
2711,2935,WINZ,"Zürich, Winzerstrasse",True
2712,2937,WIPK,"Zürich, Wipkingerplatz",True
2713,840,FELL,"Zürich, Fellenbergstrasse",True
2714,2596,STRV,"Zürich, Strassenverkehrsamt",True
2715,1006,GDOR,"Gockhausen, Dorf",True
2716,6020,GLAS,"Zürich, Glaubtenstrasse Süd",True
2718,1007,GOLD,"Zürich, Goldackerweg",True
2720,2852,WEID,"Rüschlikon, Weidstrasse",True
2721,3011,ZWEI,"Zürich, Zweiackerstrasse",True
2722,1272,HOEF,"Zürich, Höfliweg",True
2723,1273,DHOG07,"Dübendorf, Högler",True
2729,1590,LUEG,"Zürich, Luegisland",True
2730,1592,LETB,"Zürich, Letzibach",True
2731,3015,ZWIE,"Zürich, Zwielplatz",True
2732,1769,OBHE,"Küsnacht ZH, Obere Heslibachst",True
2733,933,GART,"Küsnacht ZH, Gartenstrasse",True
2734,2858,WEIH,"Zürich, Weihersteig",True
2735,4,ZOOF,"Zürich, Zoo/Forrenweid",True
2736,3772,WACH,"Zürich, Wiesliacher",True
2737,2859,WEIK,"Kilchberg ZH, Weinbergstrasse",True
2738,3018,ZWIN,"Zürich, Zwinglihaus",True
2739,3773,BUZE,"Zürich, Buchzelgstrasse",True
2740,7,AARG,"Zürich, Aargauerstrasse",True
2742,769,ELWA,"Zürich, Elektrowatt",True
2743,6117,SRIE,"Zürich, Stierenried",True
2744,594,BAER,"Zürich, Bärenbohlstrasse",True
2745,2776,VERE,"Zürich, Verenastrasse",True
2746,1011,GOBA,"Küsnacht ZH, Goldbacherstrasse",True
2747,1013,GOHA,"Zollikon, Goldhaldenplatz",True
2748,2779,VOGE,"Zürich, Vogelsangstrasse",True
2749,2104,ROSE,"Zürich, Rosengartenstrasse",True
2750,857,FWEG,"Zürich, Fischerweg",True
2752,2108,ROTB,"Zürich, Rotbuchstrasse",True
2754,1779,OBFE,"Küsnacht ZH, Oberfeld",True
2755,2695,TAEG,"Itschnach, Tägermoos",True
2756,3029,HSBB,"Zürich, Bahnhof Hardbrücke",True
2757,1106,HABA,"Küsnacht ZH, Hallenbad",True
2758,3786,OKEN,"Zürich, Okenstrasse",True
2759,3787,BUHO,"Zürich, Buchholz",True
2760,1863,PAKI,"Kilchberg ZH, Paradiessteig",True
2761,3788,MAIL,"Zürich, Maillartstrasse",True
2762,1864,PARU,"Kilchberg ZH, Paradiesstrasse",True
2763,3789,BOLL,"Zürich, Bollingerweg",True
2764,1865,HURL,"Zürich, Hürlimannplatz",True
2765,2956,WONE,"Zürich, Wonnebergstrasse",True
2766,2788,VOLT,"Zürich, Voltastrasse",True
2767,6214,URSP,"Gockhausen, Ursprungstrasse",True
2768,2113,RBRU,"Zürich, Rudolf-Brun-Brücke",True
2769,867,FLUR,"Zürich, Flurstrasse",True
2770,1026,GRIM,"Zürich, Grimselstrasse",True
2771,868,FLUE,"Zürich, Flühgasse",True
2772,2872,WERD,"Zürich, Werdhölzli",True
2773,6304,KOES,"Zürich, Köschenrüti",True
2774,2030,RATH,"Zürich, Rathaus",True
2775,3797,ARAN,"Zürich, Albisrank",True
2777,3123,IMGU,"Zürich, Im Gut",True
2778,2035,REBE,"Zürich, Rebbergsteig",True
2779,788,ENGV,"Zürich, Englischviertelstrasse",True
2780,2038,REBW,"Itschnach, Rebweg",True
2781,2795,WAFF,"Zürich, Waffenplatzstrasse",True
2782,118,AUFB,"Kilchberg ZH, Auf Brunnen",True
2783,2120,RAEF,"Zürich, Räffelstrasse",True
2784,2799,WAIB,"Zürich, Waidbadstrasse",True
2785,2122,RAEN,"Küsnacht ZH, Ränkestrasse",True
2787,2127,ROEN,"Zürich, Röntgenstrasse",True
2788,3041,BTIE,"Zürich, Bahnhof Tiefenbrunnen",True
2789,3043,BWIP,"Zürich, Bahnhof Wipkingen",True
2790,961,GDEH,"Zollikon, Gemeindehaus",True
2791,3045,ZUER,"Zürich, Zürichbergstrasse",True
2792,1120,HARH,"Zürich, Hardhof",True
2795,2040,RWIE,"Zollikon, Rebwiesstrasse",True
2796,2043,RKIK,"Küsnacht ZH, Reform. Kirche",True
2797,3133,FJUG,"Fällanden, Jugendherberge",True
2798,3134,MASC,"Maur, Aschbach",True
2799,1889,PLAT,"Zürich, Platte",True
2800,3138,KABU,"Zürich, Kappenbühlweg",True
2802,2302,SHOF,"Zürich, Schweighof",True
2803,884,FLAG,"Zürich, Freilagerstrasse",True
2804,2306,SCHT,"Zürich, Schwert",True
2807,1307,IHAG,"Zürich, Im Hagacker",True
2808,2899,WIES,"Zürich, Wieslergasse",True
2809,46,ALBG,"Zürich, Albisgütli",True
2810,47,ALBR,"Zürich, Albisrieden",True
2811,979,GIBL,"Zürich, Giblenstrasse",True
2812,1139,HEER,"Zürich, Heerenwiesen",True
2813,3141,LAND,"Zürich, Landiwiese",True
2814,2055,RENT,"Zürich, Rentenanstalt",True
2815,1220,HIRZ,"Zürich, Hirzenbach",True
2816,134,AUZO,"Zürich, Auzelg Ost",True
2817,3148,LETP,"Zürich, Letzipark",True
2818,137,BACH,"Zürich, Bachmattstrasse",True
2820,6416,TRSA,"Zürich, Trichtisal",True
2821,2140,RUET,"Zürich, Rütihof",True
2822,2141,RUST,"Schlieren, Rütistrasse",True
2823,895,FHOE,"Zürich, Friedhof Hönggerberg",True
2824,2142,SBBW,"Zürich, SBB-Werkstätte",True
2825,896,FSWA,"Zürich, Friedhof Schwandenholz",True
2826,897,FSIH,"Zürich, Friedhof Sihlfeld",True
2828,1310,IHUS,"Zürich, Im Hüsli",True
2829,2147,SACK,"Zürich, Sackzelg",True
2830,1311,IKLO,"Zürich, Im Klösterli",True
2831,2402,SING,"Zürich, Singlistrasse",True
2832,1315,IWAL,"Zürich, Im Walder",True
2833,53,ZALL,"Zollikon, Allmend",True
2834,1316,IWIN,"Zürich, Im Wingert",True
2835,54,KALL,"Küsnacht ZH, Allmend",True
2836,1143,HEGA,"Zürich, Hegianwandweg",True
2837,3150,AMBO,"Zürich, Am Börtli",True
2838,3151,APPE,"Zürich, Appenzellerstrasse",True
2839,3153,JUCH,"Zürich, Juchhof",True
2840,3155,ALTW,"Zürich, Schulhaus Altweg",True
2841,1231,HOHE,"Zürich, Hohenklingensteig",True
2843,2320,SCHG,"Zürich, Schönauring",True
2845,1407,KFLU,"Zürich, Kirche Fluntern",True
2846,2999,FZIL,"Fällanden, Zil",True
2847,6250,HIMM,"Zürich, Himmeri",True
2848,2327,SUEB,"Küsnacht ZH, Schübel",True
2849,1239,HOLZ,"Zürich, Holzerhurd",True
2850,2154,SANK,"Kilchberg ZH, Sanatorium",True
2851,1320,IDEY,"Zürich, In der Ey",True
2852,1327,IGAS,"Schlieren, Industrie Gaswerk",True
2853,67,ATRO,"Zürich, Alte Trotte",True
2854,1157,HELM,"Zürich, Helmhaus",True
2855,6600,IMBR,"Aesch bei Maur, Im Brünneli",True
2856,410,BSRU,"Rüschlikon, Schlossstrasse",True
2857,1073,GUTS,"Zürich, Gutstrasse",True
2858,1249,HORN,"Kilchberg ZH, Hornhaldenstr.",True
2859,1075,GOES,"Zumikon, Gössikon",True
2861,2164,SCHZ,"Zürich, Scheuchzerstrasse",True
2862,1503,LANG,"Zürich, Langgrütstrasse",True
2863,1505,LANH,"Rüschlikon, Langhaldenstrasse",True
2864,2167,SIHG,"Küsnacht ZH, Schiedhaldensteig",True
2865,2168,SIHE,"Küsnacht ZH, Schiedhaldenstr.",True
2866,418,BUEB,"Zollikon, Bahnübergang",True
2867,70,ALTE,"Zürich, Altenhofstrasse",True
2868,1162,HERD,"Zürich, Herdernstrasse",True
2869,508,BLEU,"Zürich, Bleulerstrasse",True
2870,1251,HOTT,"Zürich, Hottingerplatz",True
2871,1252,HUBE,"Zürich, Hubertus",True
2872,2341,SUET,"Zollikon, Schützenstrasse",True
2891,493,BINZ,"Zürich, Binz",True
2893,6759,SBAU,"Zürich, Schiffbau",True
2895,3368,FWIG,"Fällanden, Wigarten",True
2906,6825,USEN,"Unterengstringen, Sennenbüel",True
3010,6855,GAL2,"Bergdietikon, Garage 2 LIBU",True
3044,6894,DHEI,"Dietikon, Heimstrasse",True
3049,6779,BBAU,"Binz bei Maur, Bautacher",True
3050,6778,BLAN,"Benglen, Langwis",True
3055,6907,WalLeu,"Waldegg, Leuen",True
3086,6856,TSON01,"Thalwil, Sonnenberg",True
3102,9984,ABS6,"Zürich, Abstellplatz Garage 6",True
3104,9983,WEZW,"Zürich, Wenden Zentralwerkstätte",True
3135,6961,AGRU,"Adliswil, Grundstrasse",True
3158,6975,GLNO,"Zürich, Glaubtenstrasse Nord",True
3176,6986,DHOS07,"Dübendorf, Hochbord Süd",True
3179,6976,BirBas,"Birmensdorf ZH, Bahnhof Süd",True
3198,6999,TWÄR,"Binz bei Maur, Twäracher",True
3206,7000,SMEU,"Schlieren, Meuchwis",True
3217,7022,BAWO,"Zürich, Bahnhof Wollishofen",True
3222,7021,SRAI,"Spreitenbach, Raiacker",True
3225,7020,OSCH,"Oetwil a.d.L., Schweizäcker",True
3234,7003,SGEI,"Schlieren, Geissweid",True
3246,7058,DEPGESS,"Zürich, Depot Gessnerallee",True
3249,7041,ADIE01,"Adliswil, Dietlimoos",True
3253,7038,ZSTQ,"Zollikerberg, Station/Q treff",True
3254,7039,KANE,"Zürich, Kantonsschule Enge",True
3257,7040,HERS,"Zürich, Hertersteg",True
3268,7042,ASUN01,"Adliswil, Sunnau",True
3269,7059,GARR01,"Wädenswil, Garage Rütihof",True
3272,6998,HERM,"Zürich, Hermetschloo",True
3281,3592,KHIR,"Zürich, Klinik Hirslanden",True
3319,6584,USTE,"Zürich, Usteristrasse",True
3323,7106,BALO,"Zürich, Balgrist Ost",True
3336,7069,KLAE,"Kilchberg ZH, Lätten",True
3337,7067,KNEU,"Kilchberg ZH, Neuweid",True
3338,7070,OBER,"Zürich, Obere Hornhalde",True
3339,7065,OGAS,"Oetwil an der Limmat, Gässliacker",True
3360,6923,ZNIE,"Zollikon, Niederhofenrain",True

